{"cameraMode":{"drawMode":0,"name":"Shaded","section":"Shading Mode"},"sceneLighting":true,"audioPlay":false,"sceneViewState":{"m_AlwaysRefresh":false,"showFog":true,"showSkybox":true,"showFlares":true,"showImageEffects":true,"showParticleSystems":true,"showVisualEffectGraphs":true,"m_FxEnabled":true},"in2DMode":false,"pivot":{"x":-41.02602767944336,"y":-130.29605102539063,"z":-42.588645935058597},"rotation":{"x":-0.011077867820858956,"y":-0.9192164540290833,"z":0.392773300409317,"w":-0.025937724858522416},"size":131.01153564453126,"orthographic":false}