{"cameraMode":{"drawMode":0,"name":"Shaded","section":"Shading Mode"},"sceneLighting":true,"audioPlay":false,"sceneViewState":{"m_AlwaysRefresh":false,"showFog":true,"showSkybox":true,"showFlares":true,"showImageEffects":true,"showParticleSystems":true,"showVisualEffectGraphs":true,"m_FxEnabled":true},"in2DMode":false,"pivot":{"x":-27.277912139892579,"y":-0.7682645320892334,"z":5.786688327789307},"rotation":{"x":-0.007745019625872374,"y":-0.7495766282081604,"z":0.6618318557739258,"w":-0.008779660798609257},"size":32.64409255981445,"orthographic":false}