{"cameraMode":{"drawMode":0,"name":"Shaded","section":"Shading Mode"},"sceneLighting":true,"audioPlay":false,"sceneViewState":{"m_AlwaysRefresh":false,"showFog":true,"showSkybox":true,"showFlares":true,"showImageEffects":true,"showParticleSystems":true,"showVisualEffectGraphs":true,"m_FxEnabled":true},"in2DMode":false,"pivot":{"x":-45.72905349731445,"y":60.540489196777347,"z":4.492429256439209},"rotation":{"x":0.5315181612968445,"y":0.0038116895593702795,"z":-0.002391847549006343,"w":0.8470360636711121},"size":105.25225067138672,"orthographic":true}